,name
0,postgresql
1,linux
2,python
3,circleci
4,gradle
5,intellij-idea
6,collections
7,cryptography
8,smtp
9,transactions
10,hero
11,bem
12,codemagic
13,flutter
14,integration-testing
15,polygon
16,virtualization
17,basic-authentication
18,sftp
19,static-analysis
20,alchemy
21,ssh
22,hateoas
23,mixpanel
24,terraform
25,css-modules
26,rust
27,azure-devops
28,apollo
29,spf
30,splunk
31,emotion
32,react-native
33,telemetry
34,reverse-proxy
35,instrumentation
36,rest
37,shadow-dom
38,travis-ci
39,solr
40,segment
41,graphql
42,soap
43,bdd
44,vault
45,github-actions
46,go
47,data-management
48,aws-cdk
49,appdynamics
50,server-sent-events
51,prometheus
52,solid-principles
53,tdd
54,hosting
55,koin
56,dependency-injection
57,cqrs
58,authentication
59,functional-programming
60,caddy
61,remix
62,vyper
63,posix
64,vim
65,zabbix
66,github
67,solidity
68,powershell
69,serverless
70,openbsd
71,emacs
72,flutter-pub
73,ftp
74,docker
75,prettier
76,alibaba-cloud
77,configuration-management
78,dom
79,jaeger
80,rxdart
81,md5
82,tomcat
83,microservices
84,nagios
85,dagger
86,moralis
87,forward-proxy
88,storage
89,ajax
90,dmarc
91,heroku
92,fetch-api
93,android-studio
94,dart-pub
95,circuit-breaker
96,async-await
97,argocd
98,gitlab
99,apache
100,bitbucket
101,deployment
102,styled-components
103,influxdb
104,rethinkdb
105,systemd
106,esbuild
107,components
108,http
109,throttling
110,operators
111,ruby
112,observability
113,ansible
114,azure
115,mariadb
116,bulma
117,memcached
118,data-binding
119,functional-testing
120,oauth
121,domain-driven-design
122,design-principles
123,mantine
124,design-patterns
125,lighthouse
126,openzeppelin
127,electron
128,angular-universal
129,astro
130,normalization
131,cors
132,csp
133,grafana
134,acid
135,puppet
136,bcrypt
137,bitrise
138,api
139,testing
140,security
141,hugo
142,monitoring
143,event-sourcing
144,nomad
145,kotlin
146,navigation
147,analytics
148,provider
149,dart
150,consul
151,rollup
152,nativescript
153,git
154,saml
155,unix
156,infura
157,php
158,gatsby
159,cdn
160,rhel
161,freebsd
162,https
163,jekyll
164,figma
165,content-security-policy
166,defi
167,sqlite
168,bloc
169,accessibility
170,nginx
171,soa
172,istio
173,elastic-stack
174,typescript
175,google-analytics
176,ethereum
177,architecture
178,variables
179,kubernetes
180,firebase-app-distribution
181,code-coverage
182,oop
183,c#
184,radix-ui
185,java
186,mongodb
187,firebase
188,postcss
189,angular
190,database-indexes
191,fvm
192,json
193,riverpod
194,oracle
195,linode
196,binance-smart-chain
197,truffle
198,hbase
199,parcel
200,ubuntu
201,redux
202,datadog
203,loki
204,gcc
205,chainlink
206,multithreading
207,junit
208,couchdb
209,sass
210,sockets
211,teamcity
212,cassandra
213,javascript
214,jwt
215,blockchain
216,mysql
217,vite
218,firebase-analytics
219,webpack
220,gitlab-ci
221,solana
222,rabbitmq
223,npm
224,tauri
225,fonts
226,networking
227,css
228,docker-swarm
229,jenkins
230,redis
231,immutability
232,fantom
233,web3js
234,opacity
235,hardhat
236,grpc
237,material-ui
238,windows
239,unit-testing
240,seo
241,dns
242,neo4j
243,debian
244,svelte
245,pulumi
246,pnpm
247,memory-management
248,brownie
249,openid
250,elasticsearch
251,eslint
