name,label
http,1
dns,1
internet,1
browsers,1
hosting,1
domain,1
seo,1
accessibility,1
html5,1
forms-validations,1
semantic,1
css,1
making-layouts,1
responsive-web-design,1
javascript,1
dom,1
ajax,1
es6+,1
fetch-api,1
azure,1
figma,1
git,1
github,1
bitbucket,1
gitlab,1
https,1
cors,1
content-security-policy,1
owasp-security-risks,1
npm,1
yarn,1
pnpm,1
bem,1
sass,1
postcss,1
prettier,1
eslint,1
npm-script,1
yarn-script,1
vite,1
esbuild,1
webpack,1
rollup,1
parcel,1
react,1
angular,1
vuejs,1
svelte,1
solidjs,1
styled-components,1
css-modules,1
styled-jsx,1
emotion,1
bootstrap,1
bulma,1
mantine,1
tailwind,1
charkra-ui,1
material-ui,1
daisy-ui,1
radix-ui,1
jwt,1
oauth,1
sso,1
html-templates,1
custom-elements,1
shadow-dom,1
typescript,1
web-storage-api,1
web-sockets,1
server-sent-events,1
service-workers,1
location-api,1
notifications-api,1
device-orientation-api,1
credentials-api,1
payment-api,1
prpl-pattern,1
rail-model,1
performance-metrics,1
lighthouse,1
browser-dev-tools,1
remix,1
nextjs,1
angular-universal,1
nuxtjs,1
svelte-kit,1
eleventy,1
gatsby,1
vuepress,1
astro,1
jekyll,1
hugo,1
apollo,1
relay-modern,1
nativescript,1
ionic,1
flutter,1
react-native,1
electron,1
tauri,1
rust,2
go,2
python,2
ruby,2
c#,2
java,2
php,2
gitlap,2
terminal-usage,2
operating-systems,2
process-management,2
threads-and-concurrency,2
basic-terminal-commands,2
memory-management,2
interprocess-communication,2
i/o-management,2
posix-basics,2
basic-networking-concepts,2
postgresql,2
mysql,2
mssql,2
oracle,2
mariadb,2
mongodb,2
couchdb,2
influxdb,2
timescale,2
firebase,2
rethinkdb,2
cassandra,2
hbase,2
redis,2
dynamodb,2
neo4j,2
orms,2
acid,2
transactions,2
n+1-problem,2
normalization,2
failure-modes,2
profiling-performance,2
data-replication,2
sharding-strategies,2
cap-theorem,2
database-indexes,2
rest,2
json-apis,2
grpc,2
soap,2
graphql,2
hateoas,2
api,2
authentication,2
basic-authentication,2
token-authentication,2
cookie-based-authentication,2
saml,2
openid,2
http-caching,2
memcached,2
cdn,2
ssl/tls,2
csp,2
server-security,2
md5,2
sha-family,2
scrypt,2
bcrypt,2
testing,2
integration-testing,2
functional-testing,2
ci/cd,2
software-design-and-architecture,2
test-driven-development,2
domain-driven-design,2
design-patterns,2
cqrs,2
event-sourcing,2
monolithic-apps,2
microservices,2
soa,2
serverless,2
service-mesh,2
twelve-factor-apps,2
elasticsearch,2
solr,2
rabbitmq,2
kafka,2
docker,2
lxc,2
kubernetes,2
server-sent-envents,2
nginx,2
apache,2
caddy,2
ms-iis,2
instrumentation,2
monitoring,2
telemetry,2
graceful-degradation,2
throttling,2
backpressure,2
loadshifting,2
circuit-breaker,2
migration-strategies,2
horizontal/vertical-scaling,2
observability,2
notejs,3
networking,3
posix,3
virtualization,3
file-system,3
sockets,3
initd,3
systemd,3
thread-in-os,3
processes,3
managing-servers,3
windows,3
linux,3
ubuntu,3
debian,3
opensuse-linux,3
rhel,3
derivatives,3
unix,3
freebsd,3
openbsd,3
netbsd,3
bash-scripting,3
vim,3
nano,3
powershell,3
emacs,3
gcc,3
terminal-multiplexers,3
process-monitoring,3
system-performance,3
network-tools,3
text-manipulation-tools,3
osi-model,3
networking-protocols,3
ftp,3
sftp,3
ssl/tsl,3
ssh,3
port-forwarding,3
emails,3
smtp,3
imaps,3
pop3s,3
dmarc,3
spf,3
domain-keys,3
reverse-proxy,3
forward-proxy,3
caching-server,3
load-balancer,3
web-server,3
tomcat,3
gitops,3
argocd,3
fluxcd,3
istio,3
consul,3
linkerd,3
envoy,3
secret-management,3
vault,3
sops,3
sealed-secrets,3
cloud-specific-tools,3
docker-swarm,3
nomad,3
configuration-management,3
ansible,3
chef,3
puppet,3
infrastructure-provisioning,3
terraform,3
aws-cdk,3
cloudformation,3
pulumi,3
gitlab-ci,3
jenkins,3
github-actions,3
travis-ci,3
teamcity,3
azure-devops,3
circleci,3
drone,3
infrastructure-monitoring,3
prometheus,3
nagios,3
grafana,3
zabbix,3
monit,3
datadog,3
application-monitoring,3
jaeger,3
relic,3
appdynamics,3
instana,3
opentelemetry,3
logs-management,3
elastic-stack,3
graylog,3
splunk,3
papertrail,3
loki,3
cloud-providers,3
aws,3
google-cloud,3
digitalocean,3
alibaba-cloud,3
linode,3
heroku,3
vultr,3
cloud-design-patterns,3
availability,3
data-management,3
design-and-implementation,3
management-and-monitoring,3
kotlin,4
anroid-studio,4
gradle,4
algorithms-and-data-structures,4
oop,4
activities,4
activity-lifecycles,4
fragments,4
android-debugger,4
components,4
content-providers,4
handling-app-configurations,4
intents,4
3rd-party-libraries,4
multithreading,4
security,4
room,4
navigation,4
work-manager,4
live-data,4
data-binding,4
rxjava,4
coroutines,4
rxkotling,4
junit,4
espresso,4
dagger,4
koin,4
appstore,4
playstore,4
guidelines-and-protocols,4
dart,5
dartpad,5
variables,5
built-in-types,5
functions,5
operators,5
control-flow-statements,5
flutter-cli,5
vs-code,5
android-studio,5
intellij-idea,5
fvm,5
inherited-widgets,5
stateless-widgets,5
stateful-widgets,5
styled-widgets,5
material-widgets,5
cupertino-widgets,5
fonts,5
images,5
other-file-types,5
design-principles,5
dependency-injection,5
solid-principles,5
pub-dev,5
flutter-pub,5
dart-pub,5
json,5
restful,5
sqlite,5
shared-preferences,5
storage,5
firestore,5
push-notifications,5
remote-config,5
cloud-functions,5
core-libraries,5
streams,5
futures,5
lists,5
collections,5
lambdas,5
functional-programming,5
isolates,5
async-await,5
redux,5
value-notifier,5
change-notifier,5
riverpod,5
bloc,5
provider,5
rxdart,5
animations,5
curved-animations,5
hero,5
opacity,5
animation-controller,5
animated-builder,5
animated-widget,5
unit-testing,5
widget-testing,5
tdd,5
bdd,5
flutter-inspector,5
flutter-outline,5
memory-allocation,5
render-objects,5
immutability,5
three-trees,5
fast-lane,5
codemagic,5
bitrise,5
firebase-app-distribution,5
analytics,5
segment,5
mixpanel,5
firebase-analytics,5
google-analytics,5
blockchain,6
decentralization,6
crypto,6
blockchain-structure,6
blockchain-operations,6
blockchain-applications,6
blockchain-storage,6
mining-and-incentive-models,6
trust,6
blockchain-fork,6
cryptocurrencies,6
cryptowallets,6
cryptography,6
consensus-protocols,6
blockchain-interoperability,6
solana,6
the-open-network,6
evm-based,6
l2-blockchains,6
ethereum,6
polygon,6
binance-smart-chain,6
gnosis-chain,6
huobi-eco-chain,6
avalanche,6
fantom,6
moonbeam,6
moonriver,6
arbitrum,6
blockchain-oracles,6
hybrid-smart-contracts,6
chainlink,6
oracle-networks,6
erc-tokens,6
ides,6
crypto-faucets,6
decentralized-storage,6
solidity,6
vyper,6
unit-tests,6
integration-tests,6
code-coverage,6
deployment,6
hardhat,6
brownie,6
truffle,6
foundry,6
fuzz-testing,6
static-analysis,6
common-threat-vectors,6
source-of-randomness-attacks,6
slither,6
mythx,6
manticore,6
echidna,6
openzeppelin,6
vue,6
maintenance,6
architecture,6
applicability,6
defi,6
daos,6
nfts,6
payments,6
insurance,6
ethersjs,6
web3js,6
moralis,6
besu,6
geth,6
nethermind,6
substrate,6
naas,6
alchemy,6
infura,6
quicknode,6
state-and-payment-channels,6
optimistic-rollups,6
fraud-proofs,6
zero-knowledge-rollups,6
zero-knowledge-proof,6
validium,6
sidechains,6
plasma,6
on-chain-scaling,6
